[
  {
    "id": "25bc01a6-af61-40aa-a43e-07196bfb4e41",
    "data": [
      {
        "text": "Show me a different ",
        "userDefined": false
      },
      {
        "text": "one",
        "meta": "@sys.ignore",
        "userDefined": false
      }
    ],
    "isTemplate": false,
    "count": 1,
    "updated": 0
  },
  {
    "id": "bc467786-8f69-43c5-8b09-6694338afc63",
    "data": [
      {
        "text": "How about another one",
        "userDefined": false
      }
    ],
    "isTemplate": false,
    "count": 0,
    "updated": 0
  },
  {
    "id": "3c0bcbf7-3970-490f-bed1-8e247e5e0b4a",
    "data": [
      {
        "text": "Show a different ",
        "userDefined": false
      },
      {
        "text": "one",
        "meta": "@sys.ignore",
        "userDefined": false
      },
      {
        "text": " ?",
        "userDefined": false
      }
    ],
    "isTemplate": false,
    "count": 0,
    "updated": 0
  },
  {
    "id": "2167f87d-6553-44cf-9704-18657fedf7f7",
    "data": [
      {
        "text": "Show another house ?",
        "userDefined": false
      }
    ],
    "isTemplate": false,
    "count": 0,
    "updated": 0
  },
  {
    "id": "e8b7a701-beb4-461e-b56c-5b895993f1aa",
    "data": [
      {
        "text": "Can you show me a different home ?",
        "userDefined": false
      }
    ],
    "isTemplate": false,
    "count": 0,
    "updated": 0
  },
  {
    "id": "f631fd02-cc9c-436e-b0e6-309ee692dfdc",
    "data": [
      {
        "text": "Can i see another home ?",
        "userDefined": false
      }
    ],
    "isTemplate": false,
    "count": 0,
    "updated": 0
  }
]