[
  {
    "id": "d7e8aa5f-d0bd-4089-8f17-491ff735c787",
    "data": [
      {
        "text": "Find homes in ",
        "userDefined": false
      },
      {
        "text": "75039",
        "alias": "Zipcode",
        "meta": "@sys.number",
        "userDefined": false
      },
      {
        "text": " that are below ",
        "userDefined": false
      },
      {
        "text": "$500",
        "alias": "Price",
        "meta": "@sys.unit-currency",
        "userDefined": false
      },
      {
        "text": "k with ",
        "userDefined": false
      },
      {
        "text": "2",
        "alias": "Bedrooms",
        "meta": "@sys.number",
        "userDefined": false
      },
      {
        "text": " bedrooms",
        "userDefined": false
      }
    ],
    "isTemplate": false,
    "count": 0,
    "updated": 0
  }
]