[
  {
    "value": "HOA",
    "synonyms": [
      "HOA",
      "hoa fee"
    ]
  },
  {
    "value": "appliances",
    "synonyms": [
      "appliances",
      "microwave"
    ]
  },
  {
    "value": "architecture",
    "synonyms": [
      "architectural",
      "architecture"
    ]
  },
  {
    "value": "area",
    "synonyms": [
      "Total liveable area",
      "area",
      "interior area",
      "sqft",
      "square footage"
    ]
  },
  {
    "value": "bathrooms",
    "synonyms": [
      "bathrooms",
      "half bathrooms",
      "toilets"
    ]
  },
  {
    "value": "bedrooms",
    "synonyms": [
      "bedrooms"
    ]
  },
  {
    "value": "cooling",
    "synonyms": [
      "cooling"
    ]
  },
  {
    "value": "country",
    "synonyms": [
      "country"
    ]
  },
  {
    "value": "county",
    "synonyms": [
      "county",
      "parish",
      "region"
    ]
  },
  {
    "value": "exterior",
    "synonyms": [
      "exterior"
    ]
  },
  {
    "value": "fencing",
    "synonyms": [
      "fencing"
    ]
  },
  {
    "value": "flooring",
    "synonyms": [
      "carpet",
      "flooring",
      "laminate"
    ]
  },
  {
    "value": "foundation",
    "synonyms": [
      "foundation",
      "slab"
    ]
  },
  {
    "value": "garage",
    "synonyms": [
      "garage",
      "garages"
    ]
  },
  {
    "value": "heating",
    "synonyms": [
      "heating"
    ]
  },
  {
    "value": "lot",
    "synonyms": [
      "lot",
      "lot size",
      "total lot size"
    ]
  },
  {
    "value": "parking",
    "synonyms": [
      "garage parking",
      "parking",
      "street parking"
    ]
  },
  {
    "value": "pets",
    "synonyms": [
      "are pets allowed",
      "pets"
    ]
  },
  {
    "value": "possession",
    "synonyms": [
      "possession"
    ]
  },
  {
    "value": "roof",
    "synonyms": [
      "roof"
    ]
  },
  {
    "value": "stories",
    "synonyms": [
      "stories"
    ]
  },
  {
    "value": "tax",
    "synonyms": [
      "annual tax",
      "annual tax amount",
      "tax"
    ]
  },
  {
    "value": "utilities",
    "synonyms": [
      "city utilities",
      "utilities"
    ]
  },
  {
    "value": "value",
    "synonyms": [
      "assessed",
      "tax assessed value",
      "value"
    ]
  },
  {
    "value": "year",
    "synonyms": [
      "year",
      "year built"
    ]
  }
]